time,Robot_ImpactVel_1,Robot_ImpactVel_2,Robot_ImpactVel_3,Robot_ImpactVel_4,Robot_ImpactVel_5,Robot_ImpactVel_6,Robot_ImpactVel_7,Robot_ImpactVel_8,Robot_ImpactVel_9,EE_ImpactVel_0,Robot_CRI_1,Robot_CRI_2,Robot_CRI_3,Robot_CRI_4,Robot_CRI_5,Robot_CRI_6,Robot_CRI_7,Robot_CRI_8,Robot_CRI_9,EE_CRI_0,Robot_modi_velocity_percentage1,Robot_modi_velocity_percentage2,Robot_modi_velocity_percentage3,Robot_modi_velocity_percentage4,Robot_modi_velocity_percentage5,Robot_modi_velocity_percentage6,Robot_modi_velocity_percentage7,Robot_modi_velocity_percentage8,Robot_modi_velocity_percentage9,EE_modi_velocity_percentage0,Robot_PFLFlag_1,Robot_PFLFlag_2,Robot_PFLFlag_3,Robot_PFLFlag_4,Robot_PFLFlag_5,Robot_PFLFlag_6,Robot_PFLFlag_7,Robot_PFLFlag_8,Robot_PFLFlag_9,EE_PFLFlag_0,max_ImpactVel,max_CRI,max_modi_velocity_percentage
0.000000,0.000000,0.000000,0.000000,0.000000,0.000000,0.000000,0.000000,0.000000,0.000000,0.000000,0.000000,0.000000,0.000000,0.000000,0.000000,0.000000,0.000000,0.000000,0.000000,0.000000,300.000000,300.000000,300.000000,300.000000,300.000000,300.000000,300.000000,300.000000,300.000000,300.000000,0.000000,0.000000,0.000000,0.000000,0.000000,0.000000,0.000000,0.000000,0.000000,0.000000,0.000000,0.000000,300.000000,
1.000000,0.000000,0.000000,0.000000,0.000000,0.000000,0.000000,0.000000,0.000000,0.000000,0.000000,0.000000,0.000000,0.000000,0.000000,0.000000,0.000000,0.000000,0.000000,0.000000,0.000000,300.000000,300.000000,300.000000,300.000000,300.000000,300.000000,300.000000,300.000000,300.000000,300.000000,0.000000,0.000000,0.000000,0.000000,0.000000,0.000000,0.000000,0.000000,0.000000,0.000000,0.000000,0.000000,300.000000,
2.000000,0.000000,0.000000,0.000000,0.000000,0.000000,0.000000,0.000000,0.000000,0.000000,0.000000,0.000000,0.000000,0.000000,0.000000,0.000000,0.000000,0.000000,0.000000,0.000000,0.000000,300.000000,300.000000,300.000000,300.000000,300.000000,300.000000,300.000000,300.000000,300.000000,300.000000,0.000000,0.000000,0.000000,0.000000,0.000000,0.000000,0.000000,0.000000,0.000000,0.000000,0.000000,0.000000,300.000000,
3.000000,0.000000,0.000000,0.000000,0.000000,0.000000,0.000000,0.000000,0.000000,0.000000,0.000000,0.000000,0.000000,0.000000,0.000000,0.000000,0.000000,0.000000,0.000000,0.000000,0.000000,300.000000,300.000000,300.000000,300.000000,300.000000,300.000000,300.000000,300.000000,300.000000,300.000000,0.000000,0.000000,0.000000,0.000000,0.000000,0.000000,0.000000,0.000000,0.000000,0.000000,0.000000,0.000000,300.000000,
4.000000,0.000000,0.000000,0.000000,0.000000,0.000000,0.000000,0.000000,0.000000,0.000000,0.000000,0.000000,0.000000,0.000000,0.000000,0.000000,0.000000,0.000000,0.000000,0.000000,0.000000,300.000000,300.000000,300.000000,300.000000,300.000000,300.000000,300.000000,300.000000,300.000000,300.000000,0.000000,0.000000,0.000000,0.000000,0.000000,0.000000,0.000000,0.000000,0.000000,0.000000,0.000000,0.000000,300.000000,
5.000000,0.000000,0.000000,0.000000,0.000000,0.000000,0.000000,0.000000,0.000000,0.000000,0.000000,0.000000,0.000000,0.000000,0.000000,0.000000,0.000000,0.000000,0.000000,0.000000,0.000000,300.000000,300.000000,300.000000,300.000000,300.000000,300.000000,300.000000,300.000000,300.000000,300.000000,0.000000,0.000000,0.000000,0.000000,0.000000,0.000000,0.000000,0.000000,0.000000,0.000000,0.000000,0.000000,300.000000,
6.000000,0.000000,1.764765,1.873471,0.776059,5.236593,5.523463,6.542804,6.837842,6.744605,6.423488,0.000000,0.043402,0.046045,0.000555,0.022629,0.061241,0.075563,0.010779,0.088132,0.101674,300.000000,300.000000,300.000000,300.000000,300.000000,300.000000,300.000000,300.000000,300.000000,300.000000,0.000000,0.000000,0.000000,0.000000,0.000000,0.000000,0.000000,0.000000,0.000000,0.000000,6.837842,0.101674,300.000000,
7.000000,0.000000,3.667636,27.386538,24.769265,29.542001,31.536903,32.807091,33.253821,32.579690,31.761532,0.000000,0.051534,0.157445,0.042978,0.163502,0.062258,0.200541,0.045672,0.230335,0.281169,300.000000,300.000000,300.000000,300.000000,300.000000,300.000000,300.000000,300.000000,300.000000,300.000000,0.000000,0.000000,0.000000,0.000000,0.000000,0.000000,0.000000,0.000000,0.000000,0.000000,33.253821,0.281169,300.000000,
8.000000,0.000000,23.922139,61.734676,44.943697,91.185069,100.232130,109.637738,115.973164,115.723209,109.324591,0.000000,0.143654,0.281690,0.026808,0.354612,0.371686,0.326162,0.170353,0.507176,0.580905,300.000000,300.000000,300.000000,300.000000,300.000000,300.000000,300.000000,300.000000,300.000000,300.000000,0.000000,0.000000,0.000000,0.000000,0.000000,0.000000,0.000000,0.000000,0.000000,0.000000,115.973164,0.580905,300.000000,
9.000000,0.000000,51.534314,126.492536,89.384237,204.569971,220.625447,243.809390,259.128882,257.908734,242.363442,0.000000,0.224137,0.352445,0.091945,0.495100,0.538610,0.467772,0.384397,0.703847,0.804339,300.000000,300.000000,300.000000,300.000000,300.000000,291.599639,274.571758,292.816827,298.658885,169.317647,0.000000,0.000000,0.000000,0.000000,0.000000,0.000000,0.000000,0.000000,0.000000,0.000000,259.128882,0.804339,169.317647,
10.000000,0.000000,17.420723,37.560308,25.139962,67.829755,72.074721,81.280604,86.266698,85.226155,80.039272,0.000000,0.122980,0.187592,0.033414,0.287203,0.334312,0.292965,0.128027,0.451076,0.517773,300.000000,300.000000,300.000000,300.000000,300.000000,300.000000,300.000000,300.000000,300.000000,300.000000,0.000000,0.000000,0.000000,0.000000,0.000000,0.000000,0.000000,0.000000,0.000000,0.000000,86.266698,0.517773,300.000000,
11.000000,0.000000,1.131720,0.827489,0.278537,5.088779,5.110691,4.673852,19.965027,20.245726,5.180731,0.000000,0.034577,0.027851,0.000000,0.015775,0.057264,0.066246,0.031374,0.198480,0.093391,300.000000,300.000000,300.000000,300.000000,300.000000,300.000000,300.000000,300.000000,300.000000,300.000000,0.000000,0.000000,0.000000,0.000000,0.000000,0.000000,0.000000,0.000000,0.000000,0.000000,20.245726,0.198480,300.000000,
12.000000,0.000000,2.612064,1.814642,0.678914,11.269113,11.324194,10.677241,41.190909,43.068925,11.847708,0.000000,0.047110,0.047349,0.000000,0.042826,0.083758,0.111747,0.063184,0.280020,0.179484,300.000000,300.000000,300.000000,300.000000,300.000000,300.000000,300.000000,300.000000,300.000000,300.000000,0.000000,0.000000,0.000000,0.000000,0.000000,0.000000,0.000000,0.000000,0.000000,0.000000,43.068925,0.280020,300.000000,
13.000000,0.000000,2.568019,1.741037,0.695495,11.088969,11.148141,10.482226,42.383281,45.496460,11.914424,0.000000,0.046937,0.046515,0.000000,0.042320,0.082966,0.110647,0.064988,0.288037,0.181198,300.000000,300.000000,300.000000,300.000000,300.000000,300.000000,300.000000,300.000000,300.000000,300.000000,0.000000,0.000000,0.000000,0.000000,0.000000,0.000000,0.000000,0.000000,0.000000,0.000000,45.496460,0.288037,300.000000,
14.000000,0.000000,3.478024,2.377276,0.958699,15.458788,15.557666,14.489470,51.898955,57.225611,16.471560,0.000000,0.050186,0.050574,0.000003,0.048147,0.104271,0.139300,0.081695,0.327768,0.225706,300.000000,300.000000,300.000000,300.000000,300.000000,300.000000,300.000000,300.000000,300.000000,300.000000,0.000000,0.000000,0.000000,0.000000,0.000000,0.000000,0.000000,0.000000,0.000000,0.000000,57.225611,0.327768,300.000000,
15.000000,0.000000,2.416476,1.838176,0.647273,10.266644,10.381810,10.077977,29.908638,33.894641,11.387568,0.000000,0.046342,0.047575,0.000036,0.040064,0.080046,0.106648,0.043074,0.243112,0.172383,300.000000,300.000000,300.000000,300.000000,300.000000,300.000000,300.000000,300.000000,300.000000,300.000000,0.000000,0.000000,0.000000,0.000000,0.000000,0.000000,0.000000,0.000000,0.000000,0.000000,33.894641,0.243112,300.000000,
16.000000,0.000000,0.336679,14.378433,14.620083,145.054247,145.069352,139.450881,141.543431,142.553700,140.580591,0.000000,0.003302,0.114960,0.014905,0.100236,0.115253,0.055833,0.008983,0.072921,0.099050,300.000000,300.000000,300.000000,300.000000,300.000000,300.000000,300.000000,300.000000,300.000000,300.000000,0.000000,0.000000,0.000000,0.000000,0.000000,0.000000,0.000000,0.000000,0.000000,0.000000,145.069352,0.115253,300.000000,
17.000000,0.000000,0.155276,19.024111,19.134986,19.649676,19.558273,19.580386,19.664204,19.740065,19.666172,0.000000,0.000036,0.133403,0.018662,0.146169,0.130833,0.164955,0.029759,0.191541,0.241509,300.000000,300.000000,300.000000,300.000000,300.000000,300.000000,300.000000,300.000000,300.000000,300.000000,0.000000,0.000000,0.000000,0.000000,0.000000,0.000000,0.000000,0.000000,0.000000,0.000000,19.740065,0.241509,300.000000,
18.000000,0.000000,8.644667,33.879915,40.032653,217.872340,217.621696,226.030821,218.318765,217.501079,224.596149,0.000000,0.075409,0.176701,0.066417,0.191997,0.232992,0.176022,0.043796,0.135692,0.234564,300.000000,300.000000,300.000000,300.000000,300.000000,300.000000,300.000000,300.000000,300.000000,300.000000,0.000000,0.000000,0.000000,0.000000,0.000000,0.000000,0.000000,0.000000,0.000000,0.000000,226.030821,0.234564,300.000000,
19.000000,0.000000,61.145722,89.650025,47.289246,214.567877,222.474704,258.650808,265.941156,264.861597,254.549260,0.000000,0.248292,0.302163,0.074194,0.468296,0.530549,0.561078,0.434291,0.610234,0.686955,300.000000,300.000000,300.000000,300.000000,269.119631,257.191154,228.424203,234.970993,287.316585,261.130261,0.000000,0.000000,0.000000,0.000000,0.000000,0.000000,0.000000,0.000000,0.000000,0.000000,265.941156,0.686955,228.424203,
20.000000,0.000000,49.161879,73.331714,41.629860,173.443350,180.223383,208.214981,232.129125,231.314135,206.595020,0.000000,0.217247,0.268819,0.069088,0.350401,0.493298,0.467509,0.388162,0.589198,0.647394,300.000000,300.000000,300.000000,300.000000,300.000000,300.000000,269.399000,273.177778,300.000000,299.751292,0.000000,0.000000,0.000000,0.000000,0.000000,0.000000,0.000000,0.000000,0.000000,0.000000,232.129125,0.647394,269.399000,
21.000000,0.000000,66.684126,24.769426,45.726344,246.704011,246.997166,283.784744,285.509812,286.407085,284.816355,0.000000,0.260746,0.057758,0.079179,0.513850,0.479929,0.506062,0.430931,0.730753,0.859357,300.000000,300.000000,300.000000,300.000000,250.266454,250.963973,225.339125,253.857882,300.000000,145.540124,0.000000,0.000000,0.000000,0.000000,0.000000,0.000000,0.000000,0.000000,0.000000,0.000000,286.407085,0.859357,145.540124,
22.000000,0.000000,79.882553,16.279924,41.639727,275.887844,272.690323,317.002706,315.541473,315.159890,316.558162,0.000000,0.286225,0.142285,0.070533,0.551515,0.498798,0.522911,0.468118,0.763519,0.910628,300.000000,300.000000,300.000000,300.000000,226.493501,230.858593,205.989338,228.912758,261.216722,126.272984,0.000000,0.000000,0.000000,0.000000,0.000000,0.000000,0.000000,0.000000,0.000000,0.000000,317.002706,0.910628,126.272984,
23.000000,0.000000,17.780531,273.230295,260.554616,269.470298,279.650193,282.219695,280.831753,280.122941,281.420161,0.000000,0.124005,0.506434,0.308121,0.581327,0.503592,0.531714,0.469345,0.624204,0.716657,300.000000,300.000000,202.177015,300.000000,203.832842,197.477975,196.810149,217.671321,300.000000,223.992487,0.000000,0.000000,0.000000,0.000000,0.000000,0.000000,0.000000,0.000000,0.000000,0.000000,282.219695,0.716657,196.810149,
24.000000,0.000000,3.768432,240.533956,242.640870,183.269433,181.100068,181.596615,181.459814,179.661849,179.561724,0.000000,0.050446,0.424737,0.229752,0.428508,0.315268,0.426557,0.303226,0.539338,0.617089,300.000000,300.000000,294.584955,300.000000,300.000000,300.000000,300.000000,300.000000,300.000000,300.000000,0.000000,0.000000,0.000000,0.000000,0.000000,0.000000,0.000000,0.000000,0.000000,0.000000,242.640870,0.617089,294.584955,
25.000000,0.000000,2.194008,53.017926,54.161613,108.822406,108.436908,92.679264,93.213450,91.028862,88.218890,0.000000,0.044541,0.190736,0.066896,0.188933,0.108097,0.109290,0.010115,0.056463,0.153466,300.000000,300.000000,300.000000,300.000000,300.000000,300.000000,300.000000,300.000000,300.000000,300.000000,0.000000,0.000000,0.000000,0.000000,0.000000,0.000000,0.000000,0.000000,0.000000,0.000000,108.822406,0.190736,300.000000,
26.000000,0.000000,1.390761,7.691312,8.363268,9.783838,9.267755,9.906001,11.894847,12.296960,10.326393,0.000000,0.038471,0.059091,0.012655,0.102219,0.073379,0.093443,0.016541,0.149836,0.160941,300.000000,300.000000,300.000000,300.000000,300.000000,300.000000,300.000000,300.000000,300.000000,300.000000,0.000000,0.000000,0.000000,0.000000,0.000000,0.000000,0.000000,0.000000,0.000000,0.000000,12.296960,0.160941,300.000000,
27.000000,0.000000,2.677004,78.435251,76.807651,101.321750,102.312613,101.673886,102.241610,102.894305,102.415088,0.000000,0.046488,0.264247,0.117936,0.264743,0.129057,0.297424,0.103369,0.303698,0.365262,300.000000,300.000000,300.000000,300.000000,300.000000,300.000000,300.000000,300.000000,300.000000,300.000000,0.000000,0.000000,0.000000,0.000000,0.000000,0.000000,0.000000,0.000000,0.000000,0.000000,102.894305,0.365262,300.000000,
28.000000,0.000000,28.116813,207.515733,188.952506,224.873665,237.727686,246.348311,246.648176,247.546202,247.366191,0.000000,0.155192,0.472411,0.321680,0.403748,0.330766,0.539346,0.386210,0.591369,0.671513,300.000000,300.000000,280.464873,300.000000,300.000000,300.000000,258.929719,276.181201,300.000000,272.467055,0.000000,0.000000,0.000000,0.000000,0.000000,0.000000,0.000000,0.000000,0.000000,0.000000,247.546202,0.671513,258.929719,
29.000000,0.000000,47.304548,163.302075,129.993644,228.561093,245.203512,264.724965,265.360775,266.667637,266.204421,0.000000,0.211981,0.407185,0.237512,0.336025,0.400525,0.556905,0.417701,0.606191,0.690629,300.000000,300.000000,300.000000,300.000000,300.000000,300.000000,238.448840,257.886153,300.000000,256.453832,0.000000,0.000000,0.000000,0.000000,0.000000,0.000000,0.000000,0.000000,0.000000,0.000000,266.667637,0.690629,238.448840,
30.000000,0.000000,56.731571,65.300834,26.402268,203.779060,211.966955,241.669377,241.860078,242.407388,242.289534,0.000000,0.237499,0.293159,0.045412,0.159026,0.434356,0.538132,0.378055,0.588592,0.671114,300.000000,300.000000,300.000000,300.000000,300.000000,300.000000,258.202059,286.173906,300.000000,276.370735,0.000000,0.000000,0.000000,0.000000,0.000000,0.000000,0.000000,0.000000,0.000000,0.000000,242.407388,0.671114,258.202059,
31.000000,0.000000,38.373960,19.539666,35.686879,139.055200,138.169011,159.670644,157.984721,158.339573,160.103886,0.000000,0.186192,0.126393,0.012775,0.097950,0.375440,0.445060,0.256145,0.500152,0.578071,300.000000,300.000000,300.000000,300.000000,300.000000,300.000000,300.000000,300.000000,300.000000,300.000000,0.000000,0.000000,0.000000,0.000000,0.000000,0.000000,0.000000,0.000000,0.000000,0.000000,160.103886,0.578071,300.000000,
32.000000,0.000000,64.307968,129.533283,84.276762,226.873127,242.809382,276.537187,277.340448,276.779508,275.902986,0.000000,0.255590,0.377911,0.152822,0.203523,0.463396,0.526923,0.463855,0.626167,0.717648,300.000000,300.000000,300.000000,300.000000,300.000000,270.936118,203.257991,233.140666,300.000000,223.517763,0.000000,0.000000,0.000000,0.000000,0.000000,0.000000,0.000000,0.000000,0.000000,0.000000,277.340448,0.717648,203.257991,
33.000000,0.000000,84.478110,155.731947,94.980831,260.946023,282.647237,326.473207,327.743050,327.363621,326.043337,0.000000,0.293968,0.387622,0.173344,0.227025,0.494506,0.586749,0.550097,0.653853,0.755785,300.000000,300.000000,300.000000,300.000000,300.000000,235.964390,170.340995,193.377852,258.641092,185.082865,0.000000,0.000000,0.000000,0.000000,0.000000,0.000000,0.000000,0.000000,0.000000,0.000000,327.743050,0.755785,170.340995,
34.000000,0.000000,38.704668,79.355772,52.616048,110.115527,121.151436,140.009404,139.070129,138.424231,139.271775,0.000000,0.188091,0.285238,0.094277,0.170608,0.329218,0.385285,0.230096,0.488079,0.564424,300.000000,300.000000,300.000000,300.000000,300.000000,300.000000,300.000000,300.000000,300.000000,300.000000,0.000000,0.000000,0.000000,0.000000,0.000000,0.000000,0.000000,0.000000,0.000000,0.000000,140.009404,0.564424,300.000000,
35.000000,0.000000,11.768093,118.839357,110.433388,128.170272,134.719247,137.457032,141.987731,138.614356,133.419525,0.000000,0.096221,0.341996,0.114534,0.398260,0.362377,0.363791,0.223678,0.539274,0.610443,300.000000,300.000000,300.000000,300.000000,300.000000,300.000000,300.000000,300.000000,300.000000,300.000000,0.000000,0.000000,0.000000,0.000000,0.000000,0.000000,0.000000,0.000000,0.000000,0.000000,141.987731,0.610443,300.000000,
36.000000,0.000000,16.051611,175.392020,164.218986,207.770948,215.199278,221.483878,224.031221,218.763893,215.176766,0.000000,0.117286,0.405258,0.209248,0.465909,0.471648,0.424539,0.297635,0.655390,0.753579,300.000000,300.000000,300.000000,300.000000,300.000000,300.000000,300.000000,300.000000,300.000000,200.222831,0.000000,0.000000,0.000000,0.000000,0.000000,0.000000,0.000000,0.000000,0.000000,0.000000,224.031221,0.753579,200.222831,
37.000000,0.000000,0.171698,1.978622,1.859713,1.999086,2.089860,2.104007,11.454285,11.445538,2.250953,0.000000,0.000104,0.046957,0.004333,0.048039,0.004878,0.051501,0.016578,0.144702,0.072815,300.000000,300.000000,300.000000,300.000000,300.000000,300.000000,300.000000,300.000000,300.000000,300.000000,0.000000,0.000000,0.000000,0.000000,0.000000,0.000000,0.000000,0.000000,0.000000,0.000000,11.454285,0.144702,300.000000,
38.000000,0.000000,0.861480,17.431636,16.831847,17.543379,18.015327,17.805598,45.262385,47.284532,20.439985,0.000000,0.026439,0.125739,0.026897,0.129387,0.044158,0.134563,0.071120,0.295590,0.247396,300.000000,300.000000,300.000000,300.000000,300.000000,300.000000,300.000000,300.000000,300.000000,300.000000,0.000000,0.000000,0.000000,0.000000,0.000000,0.000000,0.000000,0.000000,0.000000,0.000000,47.284532,0.295590,300.000000,
39.000000,0.000000,0.930907,16.907041,16.255066,17.100039,17.609014,17.484278,60.868924,62.958715,19.915282,0.000000,0.028840,0.124141,0.025946,0.127370,0.044352,0.133448,0.098030,0.345740,0.245453,300.000000,300.000000,300.000000,300.000000,300.000000,300.000000,300.000000,300.000000,300.000000,300.000000,0.000000,0.000000,0.000000,0.000000,0.000000,0.000000,0.000000,0.000000,0.000000,0.000000,62.958715,0.345740,300.000000,
40.000000,0.000000,0.891341,16.768031,16.139960,16.815068,17.309775,17.305718,59.204393,61.432976,19.823815,0.000000,0.027539,0.123994,0.025914,0.127598,0.037744,0.134016,0.095138,0.342057,0.245937,300.000000,300.000000,300.000000,300.000000,300.000000,300.000000,300.000000,300.000000,300.000000,300.000000,0.000000,0.000000,0.000000,0.000000,0.000000,0.000000,0.000000,0.000000,0.000000,0.000000,61.432976,0.342057,300.000000,
41.000000,0.000000,0.226941,10.695970,10.535462,56.584377,56.602950,60.083137,62.321066,63.351130,60.098778,0.000000,0.000619,0.091467,0.016645,0.078296,0.078576,0.000000,0.011362,0.235148,0.090613,300.000000,300.000000,300.000000,300.000000,300.000000,300.000000,300.000000,300.000000,300.000000,300.000000,0.000000,0.000000,0.000000,0.000000,0.000000,0.000000,0.000000,0.000000,0.000000,0.000000,63.351130,0.235148,300.000000,
42.000000,0.000000,0.512110,12.515606,12.153829,129.181185,129.127060,128.818006,128.847652,128.844918,128.814462,0.000000,0.010889,0.103339,0.013731,0.154632,0.152196,0.005032,0.000002,0.083045,0.123315,300.000000,300.000000,300.000000,300.000000,300.000000,300.000000,300.000000,300.000000,300.000000,300.000000,0.000000,0.000000,0.000000,0.000000,0.000000,0.000000,0.000000,0.000000,0.000000,0.000000,129.181185,0.154632,300.000000,
43.000000,0.000000,0.307565,10.163594,9.947260,10.187525,10.366880,10.398288,10.508550,10.610543,10.513560,0.000000,0.002397,0.088073,0.012388,0.098742,0.075888,0.095844,0.014697,0.132859,0.163453,300.000000,300.000000,300.000000,300.000000,300.000000,300.000000,300.000000,300.000000,300.000000,300.000000,0.000000,0.000000,0.000000,0.000000,0.000000,0.000000,0.000000,0.000000,0.000000,0.000000,10.610543,0.163453,300.000000,
44.000000,0.000000,0.177672,17.816044,17.690795,243.180517,243.197251,240.553734,239.207140,239.199439,240.609360,0.000000,0.000131,0.128094,0.017243,0.200955,0.199527,0.091783,0.063926,0.000856,0.001363,300.000000,300.000000,300.000000,300.000000,300.000000,300.000000,300.000000,300.000000,300.000000,300.000000,0.000000,0.000000,0.000000,0.000000,0.000000,0.000000,0.000000,0.000000,0.000000,0.000000,243.197251,0.200955,300.000000,
45.000000,0.000000,19.379582,36.386550,25.387280,92.322488,93.360094,105.563412,114.784935,115.356840,104.191998,0.000000,0.128979,0.166200,0.043701,0.323982,0.297899,0.376627,0.169320,0.415845,0.458085,300.000000,300.000000,300.000000,300.000000,300.000000,300.000000,300.000000,300.000000,300.000000,300.000000,0.000000,0.000000,0.000000,0.000000,0.000000,0.000000,0.000000,0.000000,0.000000,0.000000,115.356840,0.458085,300.000000,
46.000000,0.000000,27.232943,27.734037,24.319810,105.317451,105.631137,121.621330,162.435080,161.255729,119.349620,0.000000,0.152307,0.088161,0.042505,0.191427,0.347993,0.365843,0.273629,0.509486,0.529892,300.000000,300.000000,300.000000,300.000000,300.000000,300.000000,300.000000,300.000000,300.000000,300.000000,0.000000,0.000000,0.000000,0.000000,0.000000,0.000000,0.000000,0.000000,0.000000,0.000000,162.435080,0.529892,300.000000,
47.000000,0.000000,27.889132,26.166756,22.992798,105.658880,105.846561,122.312431,176.186818,174.880046,120.505718,0.000000,0.154329,0.087864,0.040325,0.191671,0.348462,0.366799,0.297064,0.528447,0.531609,300.000000,300.000000,300.000000,300.000000,300.000000,300.000000,300.000000,300.000000,300.000000,300.000000,0.000000,0.000000,0.000000,0.000000,0.000000,0.000000,0.000000,0.000000,0.000000,0.000000,176.186818,0.531609,300.000000,
48.000000,0.000000,25.035943,22.153250,18.718219,92.825412,93.074866,107.858725,157.956031,156.684979,106.680498,0.000000,0.145801,0.087253,0.031951,0.169237,0.331410,0.349186,0.268075,0.506334,0.511252,300.000000,300.000000,300.000000,300.000000,300.000000,300.000000,300.000000,300.000000,300.000000,300.000000,0.000000,0.000000,0.000000,0.000000,0.000000,0.000000,0.000000,0.000000,0.000000,0.000000,157.956031,0.511252,300.000000,
49.000000,0.000000,27.063484,21.473305,18.905123,98.425885,98.424200,114.491867,155.758252,154.256837,113.665929,0.000000,0.151915,0.084549,0.032530,0.179785,0.339023,0.357422,0.263694,0.502297,0.521810,300.000000,300.000000,300.000000,300.000000,300.000000,300.000000,300.000000,300.000000,300.000000,300.000000,0.000000,0.000000,0.000000,0.000000,0.000000,0.000000,0.000000,0.000000,0.000000,0.000000,155.758252,0.521810,300.000000,
50.000000,0.000000,28.694625,21.684394,17.433493,101.839676,102.037528,119.033771,136.702465,135.240135,118.705227,0.000000,0.156910,0.101349,0.029433,0.185546,0.343993,0.363538,0.231314,0.476236,0.529484,300.000000,300.000000,300.000000,300.000000,300.000000,300.000000,300.000000,300.000000,300.000000,300.000000,0.000000,0.000000,0.000000,0.000000,0.000000,0.000000,0.000000,0.000000,0.000000,0.000000,136.702465,0.529484,300.000000,
51.000000,0.000000,25.468923,19.981222,12.725905,88.037824,89.028972,103.863218,93.826052,93.690219,103.927181,0.000000,0.147262,0.115195,0.020192,0.163174,0.333530,0.344224,0.162678,0.421124,0.508018,300.000000,300.000000,300.000000,300.000000,300.000000,300.000000,300.000000,300.000000,300.000000,300.000000,0.000000,0.000000,0.000000,0.000000,0.000000,0.000000,0.000000,0.000000,0.000000,0.000000,103.927181,0.508018,300.000000,
52.000000,0.000000,67.836761,19.065328,54.041047,275.452534,274.234234,304.000416,304.173246,305.435755,305.408986,0.000000,0.263222,0.037750,0.097417,0.543687,0.476463,0.498654,0.428822,0.765619,0.894649,300.000000,300.000000,300.000000,300.000000,253.553739,256.438011,238.796339,246.814743,217.643653,134.091460,0.000000,0.000000,0.000000,0.000000,0.000000,0.000000,0.000000,0.000000,0.000000,0.000000,305.435755,0.894649,134.091460,
53.000000,0.000000,73.406525,12.550971,47.768565,273.936334,266.214218,296.925982,297.163370,299.485922,299.419217,0.000000,0.274766,0.110675,0.084346,0.551677,0.466624,0.496743,0.422437,0.751102,0.885143,300.000000,300.000000,300.000000,300.000000,257.242609,269.842233,238.475195,258.683619,238.481915,138.234337,0.000000,0.000000,0.000000,0.000000,0.000000,0.000000,0.000000,0.000000,0.000000,0.000000,299.485922,0.885143,138.234337,
54.000000,0.000000,13.210355,270.613388,261.137706,269.951999,277.631740,278.691591,281.876066,283.304034,280.297099,0.000000,0.104075,0.506681,0.314121,0.537649,0.496334,0.522736,0.467352,0.651376,0.740484,300.000000,300.000000,202.041442,300.000000,204.828778,200.402534,205.727259,214.545444,264.020245,218.036207,0.000000,0.000000,0.000000,0.000000,0.000000,0.000000,0.000000,0.000000,0.000000,0.000000,283.304034,0.740484,200.402534,
55.000000,0.000000,2.162673,142.024478,143.350165,134.289874,133.066424,133.868289,133.184208,131.766490,132.252582,0.000000,0.044396,0.345396,0.135415,0.374220,0.389103,0.353444,0.203064,0.553385,0.653261,300.000000,300.000000,300.000000,300.000000,300.000000,300.000000,300.000000,300.000000,300.000000,266.324666,0.000000,0.000000,0.000000,0.000000,0.000000,0.000000,0.000000,0.000000,0.000000,0.000000,143.350165,0.653261,266.324666,
56.000000,0.000000,0.267264,42.185039,42.344287,72.639367,72.593841,72.770736,72.783047,72.758381,72.742564,0.000000,0.001474,0.180323,0.038460,0.146889,0.161123,0.048654,0.004436,0.127109,0.171477,300.000000,300.000000,300.000000,300.000000,300.000000,300.000000,300.000000,300.000000,300.000000,300.000000,0.000000,0.000000,0.000000,0.000000,0.000000,0.000000,0.000000,0.000000,0.000000,0.000000,72.783047,0.180323,300.000000,
57.000000,0.000000,0.212760,6.291587,6.413975,7.848759,7.778996,8.306244,8.380322,8.208092,8.087022,0.000000,0.000500,0.059892,0.008412,0.059936,0.063449,0.048255,0.002875,0.069777,0.096505,300.000000,300.000000,300.000000,300.000000,300.000000,300.000000,300.000000,300.000000,300.000000,300.000000,0.000000,0.000000,0.000000,0.000000,0.000000,0.000000,0.000000,0.000000,0.000000,0.000000,8.380322,0.096505,300.000000,
58.000000,0.000000,0.061215,0.205729,0.176575,2.899887,2.891768,3.410255,3.687432,3.907993,3.631485,0.000000,0.000000,0.000674,0.000000,0.020701,0.022642,0.014161,0.000676,0.044950,0.042318,300.000000,300.000000,300.000000,300.000000,300.000000,300.000000,300.000000,300.000000,300.000000,300.000000,0.000000,0.000000,0.000000,0.000000,0.000000,0.000000,0.000000,0.000000,0.000000,0.000000,3.907993,0.044950,300.000000,
59.000000,0.000000,0.222459,5.188730,5.316040,116.746548,116.750588,103.299473,98.249189,98.553442,102.626945,0.000000,0.000633,0.056055,0.010708,0.056926,0.057688,0.050933,0.008007,0.036838,0.000474,300.000000,300.000000,300.000000,300.000000,300.000000,300.000000,300.000000,300.000000,300.000000,300.000000,0.000000,0.000000,0.000000,0.000000,0.000000,0.000000,0.000000,0.000000,0.000000,0.000000,116.750588,0.057688,300.000000,
60.000000,0.000000,4.600041,278.754466,281.833163,282.935025,280.233313,280.453379,280.568830,280.227431,280.067123,0.000000,0.053769,0.497111,0.477761,0.540006,0.053749,0.535045,0.478322,0.632035,0.722975,300.000000,300.000000,210.683101,208.533385,191.713623,300.000000,195.033495,209.272357,291.237556,210.845696,0.000000,0.000000,0.000000,0.000000,0.000000,0.000000,0.000000,0.000000,0.000000,0.000000,282.935025,0.722975,191.713623,
61.000000,0.000000,3.337687,150.437791,152.842701,153.832146,151.870973,152.059602,143.274485,142.498157,151.187736,0.000000,0.049951,0.382798,0.282147,0.405545,0.045015,0.400396,0.241535,0.484998,0.570995,300.000000,300.000000,300.000000,300.000000,300.000000,300.000000,300.000000,300.000000,300.000000,300.000000,0.000000,0.000000,0.000000,0.000000,0.000000,0.000000,0.000000,0.000000,0.000000,0.000000,153.832146,0.570995,300.000000,
62.000000,0.000000,0.621102,45.564485,46.008607,43.378699,43.036420,43.121395,32.658225,32.656509,42.952528,0.000000,0.016365,0.211748,0.079786,0.211276,0.061546,0.243257,0.042482,0.218582,0.327009,300.000000,300.000000,300.000000,300.000000,300.000000,300.000000,300.000000,300.000000,300.000000,300.000000,0.000000,0.000000,0.000000,0.000000,0.000000,0.000000,0.000000,0.000000,0.000000,0.000000,46.008607,0.327009,300.000000,
63.000000,0.000000,0.109728,5.019694,4.941140,7.960358,8.009175,6.591202,43.524254,42.951015,3.690725,0.000000,0.000000,0.060269,0.008962,0.068724,0.070568,0.076459,0.068971,0.284382,0.077792,300.000000,300.000000,300.000000,300.000000,300.000000,300.000000,300.000000,300.000000,300.000000,300.000000,0.000000,0.000000,0.000000,0.000000,0.000000,0.000000,0.000000,0.000000,0.000000,0.000000,43.524254,0.284382,300.000000,
64.000000,0.000000,0.110479,4.808276,4.729114,7.983667,8.031173,6.460150,42.743813,43.841466,3.809629,0.000000,0.000000,0.059357,0.008625,0.067774,0.070321,0.073893,0.067260,0.285699,0.074930,300.000000,300.000000,300.000000,300.000000,300.000000,300.000000,300.000000,300.000000,300.000000,300.000000,0.000000,0.000000,0.000000,0.000000,0.000000,0.000000,0.000000,0.000000,0.000000,0.000000,43.841466,0.285699,300.000000,
65.000000,0.000000,0.105253,4.705993,4.630516,7.480984,7.527316,5.929388,39.940127,42.419926,3.099253,0.000000,0.000000,0.058920,0.008450,0.066534,0.068675,0.072055,0.059968,0.276404,0.071285,300.000000,300.000000,300.000000,300.000000,300.000000,300.000000,300.000000,300.000000,300.000000,300.000000,0.000000,0.000000,0.000000,0.000000,0.000000,0.000000,0.000000,0.000000,0.000000,0.000000,42.419926,0.276404,300.000000,
66.000000,0.000000,0.108242,4.773778,4.696106,7.954281,8.000284,6.178694,38.165501,41.048660,3.537063,0.000000,0.000000,0.059201,0.008534,0.067330,0.070618,0.071587,0.056920,0.273568,0.068593,300.000000,300.000000,300.000000,300.000000,300.000000,300.000000,300.000000,300.000000,300.000000,300.000000,0.000000,0.000000,0.000000,0.000000,0.000000,0.000000,0.000000,0.000000,0.000000,0.000000,41.048660,0.273568,300.000000,
67.000000,0.000000,0.646477,4.609301,4.145306,11.235983,11.440825,10.939617,24.341779,24.683466,10.556742,0.000000,0.017571,0.058516,0.006987,0.077467,0.078633,0.070479,0.034678,0.205502,0.080019,300.000000,300.000000,300.000000,300.000000,300.000000,300.000000,300.000000,300.000000,300.000000,300.000000,0.000000,0.000000,0.000000,0.000000,0.000000,0.000000,0.000000,0.000000,0.000000,0.000000,24.683466,0.205502,300.000000,
68.000000,0.000000,5.086025,255.384390,259.024349,269.872400,266.915210,267.835641,266.210162,269.284952,271.305067,0.000000,0.056356,0.493175,0.287645,0.527231,0.477412,0.571827,0.436538,0.612886,0.704501,300.000000,300.000000,215.380027,300.000000,203.379589,208.088270,211.050375,237.237574,300.000000,251.318707,0.000000,0.000000,0.000000,0.000000,0.000000,0.000000,0.000000,0.000000,0.000000,0.000000,271.305067,0.704501,203.379589,
69.000000,0.000000,4.014763,262.344272,264.629057,204.889323,202.569868,203.160212,202.353202,199.474837,199.902892,0.000000,0.051376,0.447811,0.253899,0.455067,0.356410,0.452390,0.339236,0.560715,0.643092,300.000000,300.000000,265.321215,300.000000,278.364454,278.596262,282.169283,296.511009,300.000000,293.418179,0.000000,0.000000,0.000000,0.000000,0.000000,0.000000,0.000000,0.000000,0.000000,0.000000,264.629057,0.643092,265.321215,
70.000000,0.000000,2.139520,51.311393,52.421118,104.467019,104.111701,91.490187,91.553935,89.734885,88.106009,0.000000,0.044287,0.186567,0.063798,0.180349,0.106863,0.092864,0.009632,0.058705,0.155648,300.000000,300.000000,300.000000,300.000000,300.000000,300.000000,300.000000,300.000000,300.000000,300.000000,0.000000,0.000000,0.000000,0.000000,0.000000,0.000000,0.000000,0.000000,0.000000,0.000000,104.467019,0.186567,300.000000,
71.000000,0.000000,1.097387,8.956493,9.524577,11.823471,11.373449,11.962364,13.680324,14.038882,12.344458,0.000000,0.033237,0.065796,0.013406,0.111775,0.062768,0.089956,0.016278,0.184394,0.200736,300.000000,300.000000,300.000000,300.000000,300.000000,300.000000,300.000000,300.000000,300.000000,300.000000,0.000000,0.000000,0.000000,0.000000,0.000000,0.000000,0.000000,0.000000,0.000000,0.000000,14.038882,0.200736,300.000000,
72.000000,0.000000,0.924927,66.973770,66.415002,92.389512,92.709122,90.809298,92.444638,93.730576,92.259874,0.000000,0.028493,0.239993,0.100948,0.242815,0.091870,0.259198,0.086803,0.268480,0.322326,300.000000,300.000000,300.000000,300.000000,300.000000,300.000000,300.000000,300.000000,300.000000,300.000000,0.000000,0.000000,0.000000,0.000000,0.000000,0.000000,0.000000,0.000000,0.000000,0.000000,93.730576,0.322326,300.000000,
73.000000,0.000000,25.262139,183.705917,167.420024,198.821139,210.149317,218.170393,218.920221,220.009665,219.398986,0.000000,0.146665,0.449025,0.280986,0.375398,0.323806,0.509876,0.344639,0.567157,0.643348,300.000000,300.000000,300.000000,300.000000,300.000000,300.000000,289.525121,300.000000,300.000000,300.000000,0.000000,0.000000,0.000000,0.000000,0.000000,0.000000,0.000000,0.000000,0.000000,0.000000,220.009665,0.643348,289.525121,
74.000000,0.000000,44.156500,172.222030,141.241339,227.754607,244.289299,262.235718,261.846927,262.291039,262.740784,0.000000,0.202989,0.420140,0.257192,0.350075,0.388315,0.554712,0.411434,0.602702,0.686989,300.000000,300.000000,300.000000,300.000000,300.000000,300.000000,241.190398,261.706401,300.000000,260.031971,0.000000,0.000000,0.000000,0.000000,0.000000,0.000000,0.000000,0.000000,0.000000,0.000000,262.740784,0.686989,241.190398,
75.000000,0.000000,59.602672,87.333571,45.425891,221.163329,232.310060,262.320007,262.632675,263.372531,263.158628,0.000000,0.244609,0.318162,0.079005,0.199278,0.443647,0.557046,0.407811,0.602903,0.688157,300.000000,300.000000,300.000000,300.000000,300.000000,295.104750,241.712230,266.591105,300.000000,258.859915,0.000000,0.000000,0.000000,0.000000,0.000000,0.000000,0.000000,0.000000,0.000000,0.000000,263.372531,0.688157,241.712230,
76.000000,0.000000,43.918341,21.324627,36.755503,157.774625,157.290220,181.945060,180.803405,181.461676,182.713359,0.000000,0.202423,0.130952,0.012093,0.097886,0.398409,0.473429,0.293311,0.530689,0.609844,300.000000,300.000000,300.000000,300.000000,300.000000,300.000000,300.000000,300.000000,300.000000,300.000000,0.000000,0.000000,0.000000,0.000000,0.000000,0.000000,0.000000,0.000000,0.000000,0.000000,182.713359,0.609844,300.000000,
77.000000,0.000000,64.156422,129.337461,84.190729,226.408530,242.311163,275.957640,277.438565,276.902856,275.352195,0.000000,0.255250,0.377914,0.152662,0.203371,0.462933,0.526537,0.464007,0.626238,0.717225,300.000000,300.000000,300.000000,300.000000,300.000000,271.456402,204.575658,232.680193,300.000000,223.794710,0.000000,0.000000,0.000000,0.000000,0.000000,0.000000,0.000000,0.000000,0.000000,0.000000,277.438565,0.717225,204.575658,
77.700000,0.000000,86.305309,160.069390,97.907276,277.103021,298.620265,343.738454,344.791015,344.394153,343.289485,0.000000,0.296661,0.392835,0.178942,0.226868,0.509348,0.617504,0.578541,0.663111,0.767315,300.000000,300.000000,300.000000,300.000000,300.000000,220.687916,162.246678,184.902867,246.656814,176.395622,0.000000,0.000000,0.000000,0.000000,0.000000,0.000000,0.000000,0.000000,0.000000,0.000000,344.791015,0.767315,162.246678,
